,usuarioA,usuarioB
0,76740397,76740397
1,76740397,78961713
2,3506071,3506071
3,26175,26175
4,26175,8604205
5,26175,8604205
6,26175,26175
7,26175,3506071
8,26175,3506071
9,26175,1544111
10,26175,1758366
11,26175,3506071
12,26175,216296
13,20567197,8604205
14,20567197,20567197
15,43973132,5384588
16,43973132,43973132
17,43973132,5384588
18,43973132,43973132
19,43973132,3506071
20,64889341,15655
21,64889341,15655
22,64889341,64889341
23,64889341,64889341
24,64889341,216296
25,64889341,64889341
26,51971807,51971807
27,51971807,8604205
28,57912889,1153097
29,57912889,1153097
30,2557616,42710260
31,2557616,8604205
32,12316553,1329895
33,12316553,40416339
34,12316553,8042297
35,12316553,12311971
36,12316553,4933011
37,12316553,662832
38,12316553,1397213
39,12316553,4389906
40,12316553,1758366
41,12316553,4389906
42,12316553,10137
43,12316553,32521698
44,12316553,447754
45,12316553,15655
46,12316553,32521698
47,12316553,447754
48,12316553,15655
49,12316553,32521698
50,12316553,447754
51,12316553,17404800
52,12316553,32521698
53,12316553,559434
54,24964938,8604205
55,9543,8604205
56,177641,8604205
57,177641,177641
58,177641,8604205
59,177641,15655
60,177641,177641
61,95713,8604205
62,95713,94334
63,95713,8604205
64,11266423,8604205
65,11266423,1153097
66,11266423,11266423
67,11266423,36227997
68,11266423,14128010
69,11266423,1153097
70,15345924,8604205
71,15345924,15345924
72,38073283,8604205
73,38073283,38073283
74,38073283,89246
75,38073283,3440331
76,38073283,15655
77,38073283,905840
78,38073283,8604205
79,38073283,905840
80,38073283,905840
81,38073283,8604205
82,7393706,8604205
83,7393706,7393706
84,7393706,1153097
85,7393706,8604205
86,7393706,7393706
87,94334,15655
88,94334,94334
89,94334,94334
90,94334,15655
91,94334,15655
92,94334,89246
93,94334,89246
94,94334,89246
95,94334,94334
96,94334,15655
97,94334,94334
98,94334,15655
99,94334,647210
100,94334,15655
101,94334,647210
102,94334,647210
103,1153097,8709806
104,1153097,30630904
105,1153097,15655
106,1153097,30630904
107,1153097,15655
108,1153097,30630904
109,1153097,1153097
110,1153097,19818679
111,1153097,19818679
112,1153097,15655
113,83819,8604205
114,83819,83819
115,83819,8604205
116,83819,15655
117,3585066,1153097
118,3585066,3585066
119,3585066,12646553
120,1724712,1724712
121,1724712,2146903
122,1724712,1153097
123,1724712,1724712
124,1724712,1724712
125,1724712,1724712
126,1724712,8604205
127,1724712,1724712
128,1724712,8604205
129,1724712,8604205
130,1724712,1724712
131,1724712,8604205
132,2448228,1153097
133,2448228,8604205
134,2448228,391394
135,1347430,89246
136,1347430,8604205
137,1347430,89246
138,1347430,89246
139,923677,8604205
140,923677,923677
141,923677,923677
142,923677,8604205
143,2458,2146903
144,2458,2458
145,2458,2146903
146,2458,1153097
147,2458,2146903
148,2458,2458
149,2458,2146903
150,2458,1153097
151,2458,8604205
152,29494196,1153097
153,1100657,1153097
154,1100657,1100657
155,1100657,89246
156,1163342,1758366
157,1163342,1758366
158,1163342,1163342
159,1163342,1758366
160,1163342,1758366
161,1163342,1758366
162,4573881,8604205
163,4573881,15655
164,4573881,8604205
165,4573881,15655
166,4573881,8604205
167,4573881,15655
168,4573881,4573881
169,4573881,15655
170,4573881,15655
171,4573881,8604205
172,4573881,15655
173,4573881,8604205
174,4573881,15655
175,4573881,8604205
176,4573881,7040162
177,4573881,1308309
178,9295955,8604205
179,9295955,10632216
180,8502140,8604205
181,8502140,1153097
182,8502140,8502140
183,8502140,8604205
184,2301651,8604205
185,16519546,5384588
186,16519546,5384588
187,16519546,16519546
188,16519546,5384588
189,16519546,5384588
190,16519546,16519546
191,16519546,1153097
192,413772,413772
193,413772,8604205
194,413772,413772
195,413772,8604205
196,413772,413772
197,2271529,2146903
198,2271529,1153097
199,2271529,7537694
200,2271529,2146903
201,2271529,976608
202,1761758,1153097
203,1761758,1761758
204,1761758,8604205
205,389077,8604205
206,6197215,8604205
207,2169585,8604205
208,2169585,1758366
209,2169585,8604205
210,13749831,1153097
211,13749831,8604205
212,13749831,13749831
213,2609791,8604205
214,5113249,8604205
215,5113249,1042507
216,5113249,8604205
217,2201186,8604205
218,2201186,23192925
219,709233,8604205
220,709233,1153097
221,709233,8604205
222,709233,709233
223,709233,8604205
224,709233,8604205
225,709233,709233
226,709233,8604205
227,559569,8604205
228,559569,559569
229,559569,8604205
230,943597,1153097
231,943597,943597
232,943597,943597
233,943597,943597
234,3209081,2286589
235,3209081,8604205
236,3209081,216296
237,3209081,216296
238,3209081,3209081
239,3209081,15655
240,3209081,24797483
241,3209081,15655
242,3209081,24797483
243,3209081,1153097
244,3209081,49975
245,3209081,1375267
246,1503031,8604205
247,1503031,1503031
248,1503031,6056563
249,1503031,8604205
250,1503031,1503031
251,1503031,976608
252,1503031,15655
253,1503031,15655
254,1503031,976608
255,1503031,6979221
256,976608,8604205
257,976608,976608
258,1225659,8604205
259,22487978,1153097
260,879055,8604205
261,879055,879055
262,879055,8604205
263,879055,879055
264,879055,8604205
265,6979221,8604205
266,6979221,6979221
267,6979221,27903976
268,6979221,27903976
269,1809268,8604205
270,5634834,8604205
271,5634834,5634834
272,5634834,8604205
273,5634834,5634834
274,5634834,5634834
275,5634834,8604205
276,5634834,5634834
277,5634834,8604205
278,5634834,5634834
279,5634834,5634834
280,5634834,5634834
281,5634834,8604205
282,5634834,5634834
283,4350801,8604205
284,976608,8604205
285,1720790,1720790
286,1720790,1153097
287,1720790,1720790
288,1720790,1153097
289,1720790,8604205
290,1720790,8604205
291,1720790,1720790
292,64216,8604205
293,126338,8604205
294,126338,126338
295,126338,126338
296,126338,8604205
297,126338,126338
298,126338,126338
299,126338,126338
300,126338,8604205
301,126338,126338
302,126338,8604205
303,6676633,1153097
304,1470998,8604205
305,490562,8604205
306,5377968,1153097
307,5377968,5377968
308,5377968,1153097
309,5377968,5377968
310,5377968,5377968
311,5377968,5377968
312,5377968,1153097
313,5377968,1153097
314,5377968,5377968
315,5377968,1153097
316,5377968,15655
317,5377968,5377968
318,5377968,1153097
319,5377968,8604205
320,4421318,4421318
321,4421318,1153097
322,4421318,8604205
323,1102667,8604205
324,1102667,1703387
325,1102667,976608
326,1102667,1102667
327,1102667,94334
328,1102667,976608
329,1102667,94334
330,1102667,7975804
331,1102667,3169836
332,1102667,2113757
333,1102667,6418221
334,1102667,16228200
335,1102667,7511417
336,1102667,94334
337,1102667,912521
338,1102667,25871546
339,1102667,30648730
340,8604205,8604205
341,8604205,89246
342,813661,5377968
343,813661,5377968
344,20733968,20733968
345,20733968,1153097
346,20733968,20733968
347,7763533,8604205
348,7763533,7763533
349,7763533,8604205
350,7763533,1153097
351,7763533,7763533
352,7763533,8604205
353,7763533,7763533
354,7763533,8604205
355,8604205,15655
356,8604205,8604205
357,8604205,8604205
358,9265540,8604205
359,9265540,1153097
360,9265540,8604205
361,9265540,9265540
362,19954227,8604205
363,19954227,1703387
364,19954227,8604205
365,19954227,1703387
366,19954227,8604205
367,997038,8604205
368,997038,8604205
369,997038,997038
370,997038,997038
371,997038,997038
372,997038,8604205
373,997038,997038
374,997038,997038
375,997038,997038
376,997038,997038
377,997038,5384588
378,997038,5384588
379,997038,997038
380,997038,5384588
381,997038,5384588
382,997038,8604205
383,997038,997038
384,1703387,1153097
385,1703387,1703387
386,1703387,1703387
387,1703387,1703387
388,1703387,8604205
389,1703387,1153097
390,1703387,1703387
391,1703387,7140322
392,1703387,8604205
393,1621036,8604205
394,5724118,8604205
395,5724118,89246
396,5724118,1153097
397,5724118,1153097
398,5724118,92239
399,5724118,8604205
400,5724118,92239
401,5724118,8604205
402,5867866,8604205
403,5867866,5867866
404,5867866,5867866
405,5867866,8604205
406,976608,8604205
407,976608,976608
408,4113649,8604205
409,4113649,4113649
410,4113649,4113649
411,4113649,8604205
412,4113649,12198372
413,1636604,8604205
414,11558041,1153097
415,11558041,11558041
416,11558041,1153097
417,11558041,976608
418,11558041,1153097
419,11558041,391394
420,11558041,1153097
421,11558041,8158578
422,11558041,1727586
423,11558041,15655
424,15608729,1153097
425,1662412,8604205
426,1662412,976608
427,1662412,8604205
428,1662412,1758366
429,1662412,8604205
430,1662412,1703387
431,1662412,976608
432,1662412,15655
433,1662412,1758366
434,1662412,976608
435,1662412,8604205
436,1662412,15655
437,1662412,8604205
438,1662412,413772
439,1662412,413772
440,1662412,6257356
441,1662412,6500326
442,82745,1153097
443,82745,82745
444,82745,8604205
445,17351165,8604205
446,17351165,17351165
447,17351165,8604205
448,17351165,5370440
449,17351165,8604205
450,17351165,5370440
451,17351165,8604205
452,17351165,1853680
453,17351165,9250262
454,17351165,15655
455,17351165,9250262
456,7891759,8604205
457,7891759,7891759
458,7891759,8604205
459,7891759,7891759
460,7891759,8604205
461,7891759,8604205
462,7564255,1153097
463,7564255,7564255
464,7564255,976608
465,7564255,2158161
466,7564255,7564255
467,7564255,8604205
468,10427304,391394
469,10427304,2837340
470,10427304,1703387
471,10427304,8604205
472,1555551,8604205
473,1555551,1555551
474,1555551,8604205
475,1555551,1555551
476,1555551,8604205
477,1555551,1555551
478,10600101,8604205
479,10600101,363471
480,1016365,11273838
481,1016365,47395
482,1016365,1016365
483,1016365,47395
484,1016365,11273838
485,1016365,47395
486,5614205,1153097
487,5614205,8211199
488,5614205,6869601
489,5614205,1153097
490,5614205,6869601
491,5614205,1153097
492,5614205,10856791
493,10337261,1153097
494,10337261,10337261
495,10337261,4422908
496,10337261,5567477
497,10337261,9988910
498,10337261,3266840
499,652068,1153097
500,652068,652068
501,8604205,8604205
502,8604205,391394
503,8604205,8604205
504,8604205,391394
505,8604205,15655
506,8604205,15655
507,8604205,391394
508,8604205,15655
509,8604205,391394
510,8604205,15655
511,14172,15655
512,14172,15655
513,14172,15655
514,14172,8604205
515,2081709,15655
516,2081709,1153097
517,2081709,15655
518,2081709,2081709
519,2081709,8604205
520,2081709,8604205
521,2081709,15655
522,2081709,8604205
523,2081709,15655
524,2081709,15655
525,2081709,8604205
526,2081709,15655
527,2081709,2081709
528,3959940,3959940
529,3959940,1153097
530,3959940,3959940
531,3959940,1153097
532,3959940,1153097
533,3959940,1153097
534,3959940,3959940
535,3959940,3959940
536,3959940,1153097
537,3959940,3959940
538,3959940,3959940
539,3959940,1153097
540,3959940,1153097
541,3959940,976608
542,3959940,3959940
543,3959940,1153097
544,3959940,976608
545,3959940,1153097
546,3959940,3959940
547,3959940,1153097
548,3959940,1010260
549,3959940,1010260
550,3959940,8604205
551,3959940,8604205
552,3959940,31719359
553,1669397,1153097
554,1669397,391394
555,1225659,1153097
556,1225659,1225659
557,1225659,815936
558,2786682,8604205
559,2786682,1703387
560,2786682,8604205
561,9416171,1153097
562,9416171,1153097
563,9416171,9416171
564,9416171,1153097
565,9416171,9416171
566,9416171,9416171
567,9416171,1153097
568,9416171,9416171
569,9416171,352732
570,9416171,352732
571,9416171,1153097
572,9416171,352732
573,9416171,352732
574,9416171,352732
575,9416171,490562
576,9416171,1689047
577,9416171,1345518
578,9416171,15317324
579,9416171,473242
580,9416171,5518999
581,9416171,8478102
582,9416171,5518999
583,9416171,5518999
584,9416171,5518999
585,9416171,1153097
586,9416171,1153097
587,9416171,5518999
588,9416171,1153097
589,9416171,5518999
590,9416171,1153097
591,9416171,5518999
592,9416171,5518999
593,9416171,1153097
594,9416171,3368339
595,9416171,1153097
596,9416171,3368339
597,9416171,13438017
598,9416171,7785929
599,9416171,10137
600,9416171,7785929
601,9416171,3368339
602,9416171,1503031
603,9416171,1153097
604,9416171,1503031
605,9416171,888729
606,4007812,8604205
607,4007812,4007812
608,4007812,4007812
609,4007812,1045233
610,4007812,8604205
611,6702425,5384588
612,6702425,5384588
613,6702425,6702425
614,6702425,5384588
615,6702425,5384588
616,6702425,8604205
617,6702425,6702425
618,6702425,8604205
619,414500,15655
620,414500,414500
621,414500,5352840
622,414500,15655
623,414500,15655
624,414500,5352840
625,414500,15655
626,414500,414500
627,414500,15655
628,414500,5352840
629,414500,414500
630,414500,15655
631,414500,15655
632,414500,414500
633,414500,15655
634,414500,414500
635,414500,15655
636,414500,15655
637,414500,15655
638,976608,391394
639,976608,976608
640,976608,976608
641,976608,391394
642,976608,976608
643,976608,391394
644,2389598,1153097
645,2389598,8749549
646,2389598,1005257
647,2389598,1010260
648,2389598,1010260
649,7581987,8604205
650,7581987,803755
651,7581987,7581987
652,7581987,7581987
653,7581987,803755
654,7581987,29988
655,9416171,1153097
656,9416171,1153097
657,9416171,1153097
658,9416171,9416171
659,9416171,1153097
660,9416171,9416171
661,9416171,15655
662,9416171,9416171
663,9416171,15655
664,9416171,9416171
665,9416171,15655
666,9416171,9416171
667,9416171,22455373
668,9416171,15655
669,9416171,22455373
670,9416171,15655
671,9416171,22455373
672,9416171,15655
673,9416171,10536367
674,9416171,8604205
675,9416171,199627
676,9416171,199627
677,9416171,26244290
678,9416171,8604205
679,9416171,14147854
680,9416171,8604205
681,5573747,8604205
682,5573747,5573747
683,5573747,8604205
684,5573747,15655
685,1067361,1153097
686,1067361,1067361
687,1067361,1153097
688,1067361,1153097
689,1067361,1067361
690,3115794,1153097
691,3115794,3115794
692,3115794,1153097
693,3115794,1153097
694,3115794,3115794
695,3115794,2168156
696,3115794,1703626
697,1703387,557579
698,1703387,1703387
699,1703387,1153097
700,3755029,8604205
701,3755029,3755029
702,3755029,8604205
703,3755029,391394
704,3755029,3755029
705,302273,1153097
706,302273,302273
707,302273,1153097
708,302273,302273
709,6328997,1153097
710,6328997,1097073
711,6328997,11273838
712,6328997,8604205
713,2866749,1153097
714,2866749,8604205
715,2513193,1655968
716,2513193,477881
717,2513193,1107171
718,2513193,15655
719,2513193,1655968
720,2513193,2513193
721,2513193,1107171
722,2513193,2513193
723,2513193,15655
724,2513193,254107
725,2513193,15655
726,2513193,254107
727,2513193,722603
728,1703387,391394
729,1703387,1703387
730,13506519,1153097
731,13506519,13506519
732,13506519,8604205
733,13506519,13506519
734,13506519,8604205
735,13506519,1153097
736,13506519,1153097
737,8147833,1153097
738,8147833,6950305
739,8147833,1400401
740,8147833,1153097
741,3112833,1153097
742,3112833,3112833
743,3112833,1153097
744,3112833,3112833
745,3112833,1153097
746,3112833,3112833
747,3112833,1153097
748,3112833,3112833
749,3112833,3112833
750,3112833,3112833
751,3112833,3112833
752,3112833,1153097
753,3112833,3112833
754,3112833,1153097
755,3112833,1153097
756,1593429,1153097
757,1593429,1593429
758,1593429,1153097
759,1593429,15655
760,1593429,2146903
761,1593429,40053075
762,1153097,93018
763,1153097,15655
764,2179722,1153097
765,2179722,2179722
766,445106,1153097
767,445106,445106
768,445106,184926
769,445106,643962
770,9465649,1153097
771,9465649,8604205
772,9465649,1111356
773,9465649,8136417
774,9465649,17528411
775,9465649,8604205
776,9465649,19160626
777,2880509,1153097
778,2880509,3046407
779,2880509,1153097
780,2880509,20832563
781,2880509,1153097
782,8050998,89246
783,8050998,8050998
784,8050998,391394
785,10337756,1153097
786,10337756,5492820
787,10337756,490562
788,3933065,1153097
789,3933065,1153097
790,3933065,8604205
791,462330,1153097
792,2792526,1153097
793,7613342,7613342
794,7613342,5311085
795,7613342,15655
796,7613342,15655
797,7613342,15655
798,7534041,1153097
799,7534041,1153097
800,7534041,7534041
801,7534041,7534041
802,7534041,1153097
803,7534041,1153097
804,7534041,7534041
805,3329142,5384588
806,3329142,1153097
807,3329142,3329142
808,3629899,15655
809,3629899,8604205
810,3629899,4041868
811,3629899,391394
812,3629899,4041868
813,3629899,8604205
814,3629899,391394
815,3629899,391394
816,1044090,8604205
817,1044090,1044090
818,1044090,8604205
819,1044090,1044090
820,44808,1153097
821,44808,44808
822,44808,236317
823,910436,15655
824,354147,354147
825,354147,5384588
826,354147,5384588
827,354147,15655
828,354147,2081709
829,354147,354147
830,354147,15655
831,354147,15655
832,354147,354147
833,354147,2081709
834,354147,354147
835,354147,15655
836,354147,1033998
837,354147,579219
838,5236023,1153097
839,5236023,1153097
840,5236023,5236023
841,5236023,1153097
842,5236023,5236023
843,5236023,1153097
844,5236023,5236023
845,4946571,1153097
846,1676054,15655
847,1148376,1153097
848,1148376,1148376
849,54370,210413
850,54370,571363
851,54370,93018
852,54370,54370
853,54370,4200436
854,54370,54370
855,54370,93018
856,54370,1806509
857,54370,637799
858,54370,7534041
859,54370,1153097
860,54370,1153097
861,54370,54370
862,54370,54370
863,54370,54370
864,54370,1153097
865,54370,54370
866,54370,8604205
867,54370,6257356
868,54370,1153097
869,54370,1153097
870,54370,9931422
871,54370,54370
872,54370,2735664
873,54370,8604205
874,54370,2735664
875,14750987,1153097
876,14750987,1153097
877,7449642,7449642
878,7449642,7907232
879,7449642,7449642
880,7449642,1153097
881,7449642,7449642
882,241708,5384588
883,241708,241708
884,241708,5384588
885,241708,1153097
886,241708,241708
887,241708,1153097
888,1535452,1153097
889,1535452,1535452
890,1535452,1153097
891,1535452,6197215
892,1535452,1110074
893,1535452,1202806
894,1535452,1202806
895,1535452,8604205
896,1535452,959839
897,1535452,1641557
898,10568940,1153097
899,10568940,10568940
900,5184685,1153097
901,5184685,5184685
902,5184685,8604205
903,5184685,8604205
904,5184685,8604205
905,5184685,1153097
906,5184685,8604205
907,5184685,1153097
908,5184685,8604205
909,5184685,8604205
910,5184685,8604205
911,5184685,1153097
912,5184685,1153097
913,5184685,8604205
914,5184685,1153097
915,5184685,1153097
916,5184685,8604205
917,5184685,1153097
918,5184685,8604205
919,5184685,3397695
920,1385752,1153097
921,1385752,8604205
922,1385752,1385752
923,14140929,6197215
924,14140929,14140929
925,14140929,6197215
926,14140929,14140929
927,14140929,9610263
928,14140929,1153097
929,14140929,9610263
930,14140929,14140929
931,14140929,14140929
932,14140929,1153097
933,14140929,14140929
934,14140929,1153097
935,14140929,14140929
936,14140929,681278
937,14140929,5148665
938,14140929,5148665
939,14140929,859737
940,3265649,15655
941,3265649,15655
942,3265649,3265649
943,1043291,93018
944,174768,15655
945,174768,174768
946,174768,15655
947,174768,174768
948,174768,4743602
949,174768,5691845
950,552783,1153097
951,552783,1764161
952,552783,147987
953,812240,5384588
954,812240,812240
955,812240,812240
956,812240,5384588
957,812240,1153097
958,812240,812240
959,1703387,1153097
960,1703387,1703387
961,1703387,110627
962,1703387,1153097
963,111710,5384588
964,111710,111710
965,111710,5384588
966,1608223,8604205
967,1323708,1153097
968,1323708,5573747
969,1761758,1761758
970,1761758,15655
971,1319512,3159367
972,1319512,1153097
973,1319512,1319512
974,1319512,1344105
975,1319512,8604205
976,7405878,14033744
977,7405878,7405878
978,7405878,14033744
979,7405878,93018
980,7405878,7405878
981,7405878,93018
982,7405878,4390806
983,5584300,5584300
984,5584300,93018
985,5584300,159987
986,5584300,13263706
987,5584300,4194171
988,5584300,1321817
989,5584300,7641119
990,5584300,5665996
991,5584300,1153097
992,5584300,975256
993,5584300,1153097
994,5584300,975256
995,5584300,8604205
996,5584300,93018
997,5584300,93018
998,5584300,159987
999,5584300,8605363
1000,5584300,13150911
1001,5584300,37086
1002,5584300,708871
1003,5584300,13150911
1004,5584300,1153097
1005,5584300,4603907
1006,5584300,975256
1007,5584300,5574588
1008,5584300,13150911
1009,1702399,1702399
1010,205320,1703387
1011,205320,205320
1012,205320,185580
1013,2200166,391394
1014,2200166,1668705
1015,2200166,1668705
1016,2200166,15655
1017,2344456,2344456
1018,2344456,1153097
1019,2344456,4227305
1020,2344456,1032258
1021,2344456,4496793
1022,1940447,391394
1023,1940447,1940447
1024,1940447,12854677
1025,1940447,1596303
1026,1940447,5588878
1027,1940447,10567462
1028,1940447,1153097
1029,4249354,1153097
1030,4249354,7891759
1031,4249354,4249354
1032,4249354,7891759
1033,4249354,7891759
1034,71506,3994718
1035,1450680,8604205
1036,1450680,15655
1037,1450680,15655
1038,948356,391394
1039,90930,90930
1040,90930,721513
1041,90930,90930
1042,4257422,391394
1043,4257422,4257422
1044,4257422,391394
1045,4257422,4257422
1046,4257422,1758366
1047,4257422,4257422
1048,4257422,10632216
1049,2367048,8604205
1050,2367048,1153097
1051,2367048,2367048
1052,2367048,981825
1053,2367048,8604205
1054,2367048,981825
1055,2367048,8604205
1056,2367048,12101676
1057,2367048,8604205
1058,3728897,71713349
1059,1308419,1702399
1060,1308419,1308419
1061,1308419,1702399
1062,1308419,1308419
1063,1308419,2617394
1064,12346501,2294695
1065,12346501,2294695
1066,12346501,12346501
1067,12346501,2294695
1068,12346501,12346501
1069,12346501,2294695
1070,12346501,2294695
1071,12346501,2294695
1072,12346501,2294695
1073,12346501,8604205
1074,12346501,8604205
1075,12346501,4352286
1076,12346501,8604205
1077,12346501,8604205
1078,12346501,4352286
1079,12346501,8604205
1080,12346501,950469
1081,12346501,15655
1082,12346501,950469
1083,12346501,15655
1084,12346501,1153097
1085,1153097,15655
1086,1153097,20261538
1087,1153097,15655
1088,912653,391394
1089,912653,912653
1090,912653,391394
1091,912653,912653
1092,461084,391394
1093,461084,461084
1094,461084,391394
1095,461084,461084
1096,461084,391394
1097,461084,461084
1098,461084,391394
1099,461084,461084
1100,461084,15655
1101,6043876,1153097
1102,6043876,1153097
1103,6043876,6043876
1104,6043876,93018
1105,6043876,93018
1106,6043876,1153097
1107,6043876,1153097
1108,6043876,1898413
1109,6043876,93018
1110,391394,391394
1111,391394,89246
1112,391394,391394
1113,1225659,391394
1114,1225659,1153097
1115,1225659,1225659
1116,1225659,8604205
1117,5486786,10254377
1118,5486786,5486786
1119,4279697,8604205
1120,4279697,1153097
1121,1853000,1758366
1122,1853000,1758366
1123,2933430,5384588
1124,2933430,2933430
1125,2933430,5384588
1126,6979221,1143145
1127,366710,2747934
1128,366710,1153097
1129,366710,265051
1130,366710,4663798
1131,366710,366710
1132,366710,16288300
1133,366710,16288300
1134,7951123,8059849
1135,657678,1153097
1136,1153097,1153097
1137,1153097,15655
1138,628508,1153097
1139,628508,1500684
1140,2419349,15655
1141,1761758,15655
1142,1761758,2490655
1143,1761758,8604205
1144,5149945,1153097
1145,5149945,8604205
1146,5149945,8604205
1147,5149945,15655
1148,5149945,5149945
1149,5149945,8604205
1150,5149945,5149945
1151,5149945,8604205
1152,5149945,12596626
1153,5149945,8604205
1154,217034,8604205
1155,217034,217034
1156,217034,8604205
1157,217034,1758366
1158,217034,1153097
1159,1715240,1715077
1160,1715240,7252057
1161,1715240,1500684
1162,1715240,1715077
1163,1715240,1715240
1164,1715240,1500684
1165,1715240,1715240
1166,1715240,1500684
1167,1715240,1715240
1168,1715240,1500684
1169,1715240,1715240
1170,1715240,3224004
1171,1715240,8892187
1172,10137,973550
1173,10137,10137
1174,1434932,1434932
1175,1434932,17033371
1176,1434932,1434932
1177,1434932,17033371
1178,1434932,1434932
1179,1434932,17033371
1180,1434932,1153097
1181,1434932,1434932
1182,1434932,1153097
1183,1434932,19230194
1184,1434932,265051
1185,1434932,379104
1186,1434932,10186499
1187,83420,1703387
1188,83420,83420
1189,83420,13050011
1190,3408176,971735
1191,3408176,3408176
1192,3408176,1703387
1193,3408176,3408176
1194,3408176,1703387
1195,3408176,973550
1196,3408176,3408176
1197,3408176,3408176
1198,3408176,3408176
1199,1225659,822571
1200,1225659,1703387
1201,3396747,1703387
1202,3396747,3396747
1203,3396747,241708
1204,3396747,1947968
1205,8107913,973550
1206,8107913,8107913
1207,8107913,1703387
1208,8107913,1335354
1209,17696,973550
1210,17696,17696
1211,17696,15655
1212,1897006,5180973
1213,1897006,1153097
1214,1897006,5108906
1215,1897006,1897006
1216,1897006,1153097
1217,1897006,5086428
1218,1897006,5108906
1219,1897006,5086428
1220,1897006,5108906
1221,1897006,5086428
1222,1897006,5108906
1223,1897006,5086428
1224,1897006,1153097
1225,1897006,89246
1226,1897006,6242338
1227,1897006,19676004
1228,1897006,1703387
1229,1897006,19676004
1230,1897006,1703387
1231,1897006,8604205
1232,1897006,1703387
1233,1897006,1703387
1234,1897006,7140322
1235,1897006,8604205
1236,1897006,3506071
1237,800583,1153097
1238,800583,800583
1239,5651564,1045233
1240,5108906,973550
1241,1140217,973550
1242,1140217,5108906
1243,1140217,1140217
1244,1140217,89246
1245,1140217,8604205
1246,1140217,89246
1247,1140217,8604205
1248,1140217,5108906
1249,1140217,5084142
1250,1140217,89246
1251,1140217,5084142
1252,1140217,628508
1253,1140217,89246
1254,1140217,8604205
1255,1140217,89246
1256,1140217,241708
1257,1140217,391394
1258,1140217,89246
1259,1140217,5084142
1260,1140217,5084142
1261,1140217,89246
1262,1140217,9379701
1263,1140217,89246
1264,1140217,1140217
1265,1140217,9610263
1266,1140217,89246
1267,1140217,9610263
1268,1140217,5162687
1269,1140217,8604205
1270,1140217,486104
1271,1140217,1761758
1272,1140217,5255354
1273,1140217,8604205
1274,1140217,5255354
1275,1140217,5162687
1276,1140217,89246
1277,1140217,8604205
1278,1140217,89246
1279,1140217,5255354
1280,1140217,8480351
1281,3695164,1153097
1282,3695164,3695164
1283,3695164,1153097
1284,3695164,3695164
1285,3874909,1153097
1286,3874909,1153097
1287,3874909,1045233
1288,3874909,3874909
1289,3874909,1045233
1290,3874909,1045233
1291,3874909,1045233
1292,3874909,3245367
1293,3874909,8604205
1294,3874909,1045233
1295,3874909,8604205
1296,3874909,4007812
1297,300402,973550
1298,384451,973550
1299,384451,155986
1300,384451,384451
1301,911208,6476707
1302,911208,15655
1303,911208,911208
1304,4390732,391394
1305,4390732,973550
1306,4390732,4390732
1307,4390732,391394
1308,4390732,4390732
1309,4390732,4390732
1310,4390732,391394
1311,4390732,4390732
1312,4390732,391394
1313,4390732,4390732
1314,4390732,391394
1315,4390732,4390732
1316,9265540,93018
1317,9265540,93018
1318,9265540,9265540
1319,9265540,93018
1320,9265540,15655
1321,9265540,15655
1322,9265540,15655
1323,9265540,15655
1324,9265540,1153097
1325,9265540,15655
1326,9265540,15655
1327,9265540,1153097
1328,9265540,1153097
1329,9265540,4323295
1330,9265540,12272901
1331,9265540,22676630
1332,5889495,973550
1333,5889495,391394
1334,5889495,973550
1335,5889495,391394
1336,5889495,973550
1337,5889495,391394
1338,5889495,973550
1339,2150362,9610263
1340,2150362,2150362
1341,2150362,391394
1342,2150362,973550
1343,2150362,391394
1344,2150362,2150362
1345,2150362,391394
1346,2150362,905156
1347,2150362,391394
1348,2150362,905156
1349,2150362,413772
1350,2150362,8604205
1351,2150362,413772
1352,2150362,905156
1353,356564,973550
1354,356564,1153097
1355,356564,973550
1356,356564,1153097
1357,54934,1153097
1358,54934,54934
1359,54934,1153097
1360,54934,54934
1361,54934,5108906
1362,54934,54934
1363,54934,5952444
1364,54934,2566560
1365,54934,1127729
1366,54934,2890843
1367,54934,13080040
1368,54934,1153097
1369,54934,1703387
1370,6541042,973550
1371,6541042,6541042
1372,6541042,5108906
1373,6541042,7746495
1374,6541042,1483306
1375,6541042,1849488
1376,6541042,373222
1377,6541042,5372725
1378,6541042,58109
1379,140338,1153097
1380,140338,140338
1381,140338,1153097
1382,140338,15655
1383,140338,140338
1384,140338,15655
1385,140338,140338
1386,140338,93018
1387,140338,140338
1388,140338,1162531
1389,140338,4038192
1390,140338,15655
1391,140338,1162531
1392,140338,15655
1393,140338,25540842
1394,140338,15655
1395,140338,25540842
1396,140338,15655
1397,10502188,973550
1398,7564255,973550
1399,7564255,7564255
1400,7564255,9610263
1401,7564255,7564255
1402,7564255,1153097
1403,7564255,973550
1404,7564255,8604205
1405,7564255,7564255
1406,7564255,973550
1407,7564255,8604205
1408,7564255,973550
1409,7564255,8604205
1410,3695164,8604205
1411,3695164,3695164
1412,3695164,8604205
1413,3695164,973550
1414,3695164,6257356
1415,3695164,8604205
1416,3695164,6257356
1417,3695164,8604205
1418,3695164,6257356
1419,3695164,3695164
1420,3695164,8604205
1421,2903904,391394
1422,2903904,2903904
1423,1051054,15655
1424,1051054,8604205
1425,1024920,5384588
1426,1024920,391394
1427,1024920,2294695
1428,1024920,391394
1429,1024920,1016365
1430,1024920,391394
1431,1024920,1024920
1432,1024920,391394
1433,1024920,1024920
1434,1024920,391394
1435,1024920,1024920
1436,1024920,391394
1437,1024920,15655
1438,1024920,391394
1439,1024920,8604205
1440,1024920,15655
1441,1024920,391394
1442,1024920,8604205
1443,1024920,15655
1444,1024920,15655
1445,1024920,391394
1446,175227,2071336
1447,175227,62802
1448,175227,448312
1449,175227,5515393
1450,175227,20569763
1451,175227,12395862
1452,205525,1153097
1453,205525,205525
1454,205525,1153097
1455,205525,1153097
1456,205525,205525
1457,5556343,5556343
1458,5556343,391394
1459,4303,2294695
1460,4303,2294695
1461,4303,15655
1462,4303,15655
1463,356564,2294695
1464,356564,356564
1465,356564,2294695
1466,356564,356564
1467,356564,2294695
1468,356564,9610263
1469,356564,356564
1470,356564,2096573
1471,51059,2294695
1472,51059,15655
1473,51059,2294695
1474,51059,15655
1475,51059,2294695
1476,51059,15655
1477,51059,2294695
1478,51059,2294695
1479,51059,15655
1480,51059,2294695
1481,838736,973550
1482,838736,8604205
1483,838736,973550
1484,838736,628508
1485,838736,8604205
1486,838736,973550
1487,838736,838736
1488,838736,973550
1489,838736,838736
1490,5176837,1153097
1491,185923,185923
1492,185923,93018
1493,185923,185923
1494,185923,15655
1495,185923,93018
1496,185923,1153097
1497,10137,973550
1498,10137,10137
1499,3177846,8604205
1500,3177846,1153097
1501,3177846,973550
1502,3177846,10145405
1503,3177846,2294695
1504,5021862,628508
1505,5021862,973550
1506,5021862,15655
1507,5021862,628508
1508,5021862,4078946
1509,5021862,15628014
1510,1165758,4871841
1511,1165758,1165758
1512,1165758,1165758
1513,1165758,4871841
1514,1165758,4871841
1515,1165758,4871841
1516,1165758,1165758
1517,1165758,391394
1518,1165758,391394
1519,1165758,15655
1520,1165758,15655
1521,1148376,1148376
1522,1148376,973550
1523,1148376,15655
1524,1148376,1148376
1525,1148376,628508
1526,1148376,1750326
1527,1148376,5280179
1528,1148376,12521566
1529,1165758,391394
1530,1165758,1165758
1531,114062,2294695
1532,114062,8604205
1533,114062,1764161
1534,114062,2294695
1535,114062,8604205
1536,129061,1153097
1537,129061,1767249
1538,129061,129061
1539,129061,129061
1540,129061,1767249
1541,129061,1153097
1542,129061,7702315
1543,129061,9610263
1544,129061,129061
1545,1822954,2294695
1546,1822954,4069476
1547,1822954,1822954
1548,1822954,1153097
1549,1822954,15655
1550,1822954,1153097
1551,1822954,15655
1552,2201333,1153097
1553,2201333,2294695
1554,2201333,8604205
1555,2201333,15655
1556,2201333,2294695
1557,2201333,2201333
1558,2201333,8604205
1559,526122,391394
1560,526122,1772945
1561,526122,93018
1562,526122,1153097
1563,526122,3524208
1564,526122,93018
1565,526122,3524208
1566,532797,1153097
1567,532797,532797
1568,532797,1153097
1569,532797,532797
1570,532797,320332
1571,532797,519554
1572,532797,519554
1573,532797,4682089
1574,532797,7746495
1575,532797,12063818
1576,532797,856738
1577,532797,9521987
1578,532797,4384536
1579,532797,930013
1580,532797,6416791
1581,532797,856772
1582,532797,9806313
1583,532797,979322
1584,532797,93018
1585,532797,4687921
1586,532797,15655
1587,532797,3788500
1588,532797,376732
1589,532797,2309959
1590,532797,1738479
1591,532797,8604205
1592,532797,10616010
1593,1246630,1169286
1594,1246630,2294695
1595,1246630,2294695
1596,1246630,2294695
1597,1246630,2294695
1598,1246630,1169286
1599,1246630,1169286
1600,1246630,461084
1601,1246630,1169286
1602,1246630,15655
1603,1246630,61943
1604,1246630,15655
1605,1246630,15655
1606,1246630,15655
1607,1246630,15655
1608,1246630,437760
1609,1246630,15655
1610,1246630,1170379
1611,1246630,15655
1612,1246630,1170379
1613,1246630,15655
1614,1246630,15655
1615,1246630,2642545
1616,1246630,490562
1617,1246630,15655
1618,1246630,490562
1619,1246630,15655
1620,1246630,490562
1621,1246630,15655
1622,1246630,490562
1623,1246630,725652
1624,1246630,1400380
1625,762400,762400
1626,762400,4871841
1627,762400,1764161
1628,762400,762400
1629,762400,1764161
1630,762400,463703
1631,762400,973550
1632,762400,973550
1633,762400,762400
1634,762400,973550
1635,762400,7548348
1636,762400,274533
1637,910753,1153097
1638,910753,910753
1639,910753,8604205
1640,910753,910753
1641,910753,10137
1642,910753,1153097
1643,85661,4871841
1644,85661,85661
1645,85661,85661
1646,85661,2294695
1647,85661,2294695
1648,85661,2294695
1649,85661,89246
1650,85661,85661
1651,85661,2294695
1652,85661,85661
1653,85661,2294695
1654,85661,85661
1655,85661,85661
1656,85661,1880196
1657,3144254,2294695
1658,3144254,3144254
1659,3144254,2294695
1660,3144254,3144254
1661,3144254,3144254
1662,3144254,1690659
1663,3144254,136476
1664,1034878,2084197
1665,1034878,238259
1666,1034878,1190812
1667,1034878,4470539
1668,1034878,11147172
1669,1034878,12136796
1670,1034878,15655
1671,3253615,1153097
1672,3253615,3253615
1673,3253615,1153097
1674,3253615,3253615
1675,3253615,1153097
1676,3253615,8604205
1677,1658949,15655
1678,1658949,15655
1679,1658949,1265995
1680,1658949,1265995
1681,1658949,15655
1682,1658949,1658949
1683,1658949,1703387
1684,1658949,15655
1685,1658949,1658949
1686,1658949,15655
1687,1658949,1658949
1688,1658949,15655
1689,38629,15655
1690,38629,38629
1691,38629,132584
1692,38629,2294695
1693,38629,132584
1694,38629,132584
1695,1085899,474988
1696,1085899,1085899
1697,1085899,1148376
1698,1085899,2469870
1699,1589440,142205
1700,1589440,1589440
1701,1589440,142205
1702,1589440,1589440
1703,1589440,142205
1704,1589440,1153097
1705,1589440,142205
1706,1589440,179356
1707,1589440,142205
1708,1589440,1836472
1709,1589440,11516267
1710,1589440,1836472
1711,1589440,6606965
1712,1589440,13032745
1713,8824303,1764161
1714,8824303,216296
1715,8824303,2294695
1716,8824303,8604205
1717,8824303,2294695
1718,8824303,391394
1719,8824303,2294695
1720,8824303,2294695
1721,8824303,391394
1722,8824303,2294695
1723,8824303,2294695
1724,8824303,1764161
1725,8824303,8604205
1726,93018,1153097
1727,282526,463703
1728,282526,282526
1729,282526,282526
1730,282526,513316
1731,282526,11556745
1732,282526,13788694
1733,3799193,273283
1734,49213,654187
1735,49213,342079
1736,49213,3580270
1737,49213,8237910
1738,49213,1143362
1739,49213,110869
1740,49213,17022152
1741,49213,7741283
1742,49213,2006761
1743,49213,2526583
1744,49213,5024477
1745,5492820,474988
1746,5492820,5492820
1747,5492820,5492820
1748,5492820,1703387
1749,132584,1764161
1750,132584,5492820
1751,132584,474988
1752,132584,5492820
1753,132584,1703387
1754,132584,5492820
1755,142800,1153097
1756,142800,1764161
1757,142800,142800
1758,142800,132584
1759,142800,1189142
1760,142800,142800
1761,142800,1141594
1762,391394,391394
1763,843807,843807
1764,843807,843807
1765,843807,391394
1766,463703,1764161
1767,463703,2294695
1768,463703,1764161
1769,463703,2294695
1770,463703,16304881
1771,463703,8604205
1772,1248488,1703387
1773,1248488,1248488
1774,1148376,474988
1775,1148376,1764161
1776,1148376,1148376
1777,1148376,16170948
1778,1764161,1764161
1779,1764161,1764161
1780,1764161,1153097
1781,1764161,1764161
1782,1764161,1764161
1783,1764161,1153097
1784,1764161,1764161
1785,1764161,1764161
1786,1764161,15655
1787,1764161,1764161
1788,1764161,15655
1789,1764161,1148376
1790,1764161,25367
1791,1764161,1148376
1792,1764161,1153097
1793,1303561,15655
1794,1303561,1303561
1795,1303561,15655
1796,1303561,1303561
1797,1303561,15655
1798,1303561,1303561
1799,1573133,2294695
1800,1573133,1392388
1801,1573133,2294695
1802,1573133,1392388
1803,1573133,2294695
1804,1573133,1392388
1805,1573133,2294695
1806,1573133,1573133
1807,1573133,1573133
1808,1573133,2294695
1809,91084,4864714
1810,216296,216296
1811,216296,690815
1812,216296,690815
1813,216296,690815
1814,216296,1354771
1815,216296,47968
1816,216296,1354771
1817,216296,47968
1818,216296,15655
1819,126087,4871841
1820,126087,4871841
1821,126087,474988
1822,126087,690815
1823,126087,855219
1824,2799276,474988
1825,2799276,2799276
1826,2799276,2799276
1827,2799276,474988
1828,2799276,2799276
1829,2799276,2799276
1830,2799276,2799276
1831,1716267,2799276
1832,352732,474988
1833,391394,2294695
1834,391394,391394
1835,391394,1764161
1836,391394,2294695
1837,391394,1764161
1838,391394,391394
1839,391394,391394
1840,391394,2294695
1841,1881367,4871841
1842,1881367,46647
1843,1881367,1881367
1844,1881367,2294695
1845,1881367,1881367
1846,1881367,2294695
1847,1881367,4871841
1848,4421318,1153097
1849,4421318,4421318
1850,4421318,1935832
1851,4421318,4390806
1852,51488,51488
1853,51488,1148376
1854,51488,51488
1855,1764161,1764161
1856,1764161,204081
1857,1764161,2294695
1858,1764161,1764161
1859,1764161,391394
1860,1764161,2294695
1861,1764161,391394
1862,1764161,973550
1863,1764161,1764161
1864,1764161,391394
1865,1764161,8604205
1866,1392388,2294695
1867,1392388,1573133
1868,1392388,1773785
1869,1392388,1392388
1870,1392388,3910329
1871,1392388,484777
1872,1392388,664434
1873,1392388,484777
1874,1392388,12503416
1875,1392388,1714525
1876,1392388,11445101
1877,1392388,664434
1878,1764512,2174968
1879,1764512,2294695
1880,1764512,1764512
1881,1764512,1764512
1882,1764512,2294695
1883,1764512,1764512
1884,1764512,2294695
1885,1764512,2174968
1886,1764512,2294695
1887,1764512,4871841
1888,1764512,1764512
1889,1764512,4871841
1890,1764512,1877193
1891,1764512,1526150
1892,1764512,119823
1893,5730,3469492
1894,5730,8604205
1895,149541,149541
1896,149541,2072672
1897,149541,149541
1898,149541,2294695
1899,1307941,910753
1900,1307941,15655
1901,1307941,910753
1902,1307941,1307941
1903,1307941,910753
1904,1307941,2799276
1905,1307941,15655
1906,1608223,2294695
1907,1608223,93018
1908,1608223,2294695
1909,1608223,1764161
1910,1608223,391394
1911,1608223,15655
1912,1608223,15655
1913,1608223,1764161
1914,1608223,15655
1915,1608223,216296
1916,1608223,15655
1917,1608223,3728897
1918,3024728,4871841
1919,3024728,4871841
1920,3024728,15655
1921,3024728,3024728
1922,4858036,474988
1923,4858036,4858036
1924,1307137,4871841
1925,1307137,1307137
1926,1307137,2799276
1927,1307137,1307137
1928,1307137,2799276
1929,1307137,1307137
1930,1307137,2799276
1931,1307137,1307137
1932,1307137,3238901
1933,461084,216296
1934,461084,216296
1935,461084,461084
1936,461084,463703
1937,461084,391394
1938,461084,1764161
1939,461084,391394
1940,461084,1764161
1941,461084,391394
1942,3888965,4871841
1943,3888965,2294695
1944,3888965,3888965
1945,3888965,2294695
1946,3888965,3888965
1947,3888965,96015
1948,3888965,2294695
1949,3888965,3888965
1950,3888965,96015
1951,4020041,3136972
1952,4020041,1291032
1953,4020041,3136972
1954,4020041,4020041
1955,4020041,1291032
1956,4020041,3136972
1957,4020041,1291032
1958,4020041,3136972
1959,4020041,53166
1960,4020041,1291032
1961,4020041,93018
1962,4020041,347942
1963,4020041,1153097
1964,4020041,347942
1965,4020041,1153097
1966,4020041,347942
1967,123678,474988
1968,2219544,2294695
1969,2219544,2219544
1970,2219544,2294695
1971,2219544,2219544
1972,2219544,2219544
1973,2219544,463703
1974,2219544,2219544
1975,2219544,1387873
1976,821060,474988
1977,821060,2358339
1978,821060,821060
1979,808052,474988
1980,1156049,4871841
1981,1156049,1156049
1982,1156049,1153097
1983,1156049,1156049
1984,1156049,1153097
1985,1156049,1156049
1986,1156049,2294695
1987,1156049,1156049
1988,1156049,2401240
1989,1156049,20749
1990,1156049,1398469
1991,1156049,69270
1992,1156049,34390
1993,1156049,1156049
1994,177641,1153097
1995,177641,177641
1996,177641,1153097
1997,177641,177641
1998,177641,3012099
1999,177641,1153097
2000,177641,811702
2001,570326,715922
2002,2337269,5176837
2003,2337269,6753988
2004,2337269,4949354
2005,2337269,2890843
2006,2337269,11928653
2007,2337269,4949354
2008,391394,1764161
2009,391394,391394
2010,461084,1153097
2011,461084,1331190
2012,461084,4573881
2013,249703,5180973
2014,249703,1301838
2015,565347,565347
2016,565347,378929
2017,565347,2294695
2018,565347,565347
2019,565347,2294695
2020,565347,2294695
2021,565347,2294695
2022,565347,565347
2023,565347,5519476
2024,565347,565347
2025,565347,5519476
2026,565347,378929
2027,565347,2192970
2028,565347,1027537
2029,565347,12594730
2030,565347,5298194
2031,565347,4758286
2032,565347,9423656
2033,5868604,2294695
2034,5868604,4230822
2035,5868604,23903
2036,5868604,4230822
2037,5868604,948356
2038,5868604,2294695
2039,5868604,948356
2040,622385,4871841
2041,622385,2294695
2042,622385,2294695
2043,622385,622385
2044,622385,4871841
2045,622385,4871841
2046,622385,2294695
2047,622385,143208
2048,622385,4762606
2049,622385,8310677
2050,622385,3588778
2051,622385,1139068
2052,622385,11485180
2053,622385,903893
2054,622385,1139068
2055,622385,13294109
2056,622385,3975805
2057,622385,6685658
2058,1702725,2294695
2059,1702725,1702725
2060,1702725,1764161
2061,1702725,1702725
2062,1702725,15655
2063,1702725,1153097
2064,1764161,1764161
2065,1764161,2799276
2066,1764161,2294695
2067,1764161,1764161
2068,1764161,474988
2069,1764161,1764161
2070,1764161,474988
2071,1764161,1764161
2072,1764161,2799276
2073,1764161,1764161
2074,1764161,8604205
2075,1614348,1614348
2076,1614348,8604205
2077,2202391,4871841
2078,2202391,652632
2079,2202391,2164013
2080,2202391,8121819
2081,2202391,681278
2082,2202391,8604205
2083,2202391,1017605
2084,2202391,8604205
2085,461084,973550
2086,461084,461084
2087,461084,973550
2088,461084,461084
2089,461084,273283
2090,461084,497286
2091,461084,5541768
2092,1764161,4871841
2093,1764161,216296
2094,1764161,1764161
2095,1764161,216296
2096,1764161,15655
2097,1764161,4108644
2098,1742685,2294695
2099,1742685,973550
2100,1742685,2294695
2101,1742685,1742685
2102,1742685,2294695
2103,1742685,1742685
2104,1742685,2294695
2105,1742685,1742685
2106,1742685,2294695
2107,1742685,1742685
2108,1742685,2294695
2109,1742685,1742685
2110,1742685,2294695
2111,1742685,1742685
2112,1742685,770808
2113,1742685,2345665
2114,1742685,800583
2115,1298636,1298636
2116,2011086,1851706
2117,2011086,753453
2118,2011086,911659
2119,2011086,911659
2120,2011086,3987877
2121,2011086,1919241
2122,1508066,1508066
2123,1508066,474988
2124,1508066,1508066
2125,1508066,2386801
2126,1508066,5282526
2127,1508066,4387884
2128,1732742,4871841
2129,1732742,1545348
2130,1732742,1732742
2131,1732742,1545348
2132,1732742,1732742
2133,491672,4871841
2134,491672,491672
2135,491672,391394
2136,491672,2294695
2137,491672,391394
2138,491672,491672
2139,491672,491672
2140,491672,391394
2141,491672,391394
2142,491672,2294695
2143,491672,491672
2144,491672,391394
2145,491672,491672
2146,491672,2251508
2147,491672,491672
2148,491672,491672
2149,491672,491672
2150,491672,391394
2151,3487874,15655
2152,3487874,15655
2153,3487874,15655
2154,3487874,3487874
2155,3487874,1153097
2156,3487874,3034596
2157,702380,4871841
2158,702380,702380
2159,702380,4871841
2160,702380,702380
2161,702380,702380
2162,702380,4871841
2163,877936,3695164
2164,877936,1175788
2165,877936,1228915
2166,877936,9781742
2167,1764161,15655
2168,1764161,1764161
2169,1764161,461084
2170,1764161,216296
2171,1764161,216296
2172,1764161,1764161
2173,1764161,2154472
2174,1764161,414479
2175,1764161,4108644
2176,93018,474988
2177,93018,216296
2178,93018,111951
2179,93018,93018
2180,93018,93018
2181,93018,216296
2182,93018,216296
2183,93018,93018
2184,93018,216296
2185,93018,474988
2186,93018,996623
2187,93018,2819116
2188,93018,6925321
2189,93018,8604205
2190,2166114,690815
2191,2166114,690815
2192,2166114,2166114
2193,2166114,2166114
2194,2166114,2294695
2195,2166114,2294695
2196,2166114,2166114
2197,2166114,2294695
2198,2166114,1758366
2199,1049120,15655
2200,1049120,216296
2201,1049120,15655
2202,1049120,15655
2203,6227944,1153097
2204,6227944,7928581
2205,6227944,1153097
2206,6227944,216296
2207,7059162,474988
2208,7059162,7059162
2209,7059162,474988
2210,7059162,7059162
2211,7059162,973550
2212,7059162,7059162
2213,7059162,8618864
2214,7059162,11917873
2215,7059162,8604205
2216,106150,216296
2217,163637,4871841
2218,163637,163637
2219,163637,94334
2220,163637,391394
2221,163637,94334
2222,163637,391394
2223,163637,2294695
2224,163637,391394
2225,163637,2294695
2226,163637,163637
2227,163637,163637
2228,479121,2294695
2229,479121,479121
2230,479121,643434
2231,1579300,93018
2232,1579300,1579300
2233,1579300,93018
2234,1579300,1579300
2235,1579300,93018
2236,1579300,1579300
2237,1579300,93018
2238,1579300,1579300
2239,3580270,1006291
2240,3580270,3580270
2241,3580270,1157931
2242,3580270,687730
2243,3580270,569068
2244,3580270,7393706
2245,3580270,9610263
2246,238863,1006291
2247,238863,238863
2248,238863,430368
2249,238863,430368
2250,238863,1715240
2251,238863,2294695
2252,238863,1715240
2253,238863,2294695
2254,238863,1715240
2255,238863,490502
2256,385716,4871841
2257,385716,4871841
2258,385716,474988
2259,385716,2294695
2260,385716,216296
2261,385716,385716
2262,385716,385716
2263,339369,2294695
2264,339369,339369
2265,339369,2294695
2266,339369,339369
2267,339369,583593
2268,373775,2294695
2269,373775,373775
2270,373775,5454053
2271,373775,3006286
2272,373775,7073993
2273,667290,2104399
2274,667290,1716267
2275,69736,4871841
2276,69736,69736
2277,69736,1423005
2278,69736,69736
2279,69736,1423005
2280,247525,4871841
2281,247525,4871841
2282,247525,455656
2283,247525,247525
2284,821305,93018
2285,821305,821305
2286,821305,93018
2287,821305,821305
2288,821305,1153097
2289,216296,2294695
2290,216296,3846814
2291,907836,907836
2292,907836,690815
2293,907836,690815
2294,907836,907836
2295,907836,690815
2296,907836,907836
2297,907836,907836
2298,907836,2294695
2299,907836,907836
2300,907836,815188
2301,907836,361630
2302,907836,2130396
2303,907836,10137
2304,907836,929834
2305,907836,2138444
2306,907836,2395231
2307,907836,5757021
2308,907836,3715668
2309,907836,383817
2310,907836,929834
2311,907836,383817
2312,907836,1315067
2313,907836,5616469
2314,907836,646992
2315,907836,8604205
2316,156449,2294695
2317,156449,216296
2318,156449,216296
2319,156449,156449
2320,551595,7208
2321,551595,474988
2322,923677,216296
2323,923677,216296
2324,923677,923677
2325,923677,216296
2326,923677,216296
2327,923677,923677
2328,2294695,1153097
2329,2294695,910753
2330,2294695,177641
2331,2294695,3695164
2332,2294695,177641
2333,776253,2294695
2334,776253,776253
2335,776253,530319
2336,776253,937496
2337,776253,474988
2338,776253,8359997
2339,776253,1096951
2340,776253,2294695
2341,776253,9255468
2342,776253,3618970
2343,55112,851359
2344,55112,55112
2345,55112,851359
2346,810579,810579
2347,810579,810579
2348,810579,4871841
2349,810579,810579
2350,810579,2294695
2351,810579,810579
2352,810579,2294695
2353,810579,463703
2354,810579,4871841
2355,810579,810579
2356,810579,810579
2357,810579,5384588
2358,810579,5384588
2359,72190,1046585
2360,446867,474988
2361,446867,446867
2362,446867,474988
2363,166706,2294695
2364,166706,3172002
2365,166706,2043945
2366,166706,93018
2367,166706,2043945
2368,166706,10137
2369,166706,2634059
2370,166706,868676
2371,166706,67104
2372,166706,15655
2373,166706,1153097
2374,923677,689311
2375,923677,923677
2376,923677,843807
2377,923677,923677
2378,923677,2199803
2379,923677,689311
2380,923677,843807
2381,923677,689311
2382,923677,923677
2383,923677,689311
2384,923677,498712
2385,923677,498712
2386,923677,249800
2387,923677,15655
2388,376268,2294695
2389,376268,376268
2390,376268,1006291
2391,376268,140300
2392,376268,2294695
2393,376268,1870060
2394,376268,651122
2395,376268,47968
2396,376268,2294695
2397,376268,29766
2398,376268,813192
2399,376268,7249092
2400,376268,4110944
2401,376268,4110944
2402,376268,7249092
2403,376268,4110944
2404,376268,11520795
2405,376268,3149408
2406,376268,8604205
2407,376268,1921923
2408,376268,152227
2409,376268,8604205
2410,376268,152227
2411,376268,8604205
2412,376268,152227
2413,376268,8604205
2414,918237,593312
2415,918237,593312
2416,918237,918237
2417,918237,593312
2418,918237,593312
2419,918237,719763
2420,918237,1252570
2421,132584,132584
2422,132584,93018
2423,132584,132584
2424,132584,132584
2425,132584,132584
2426,132584,93018
2427,132584,93018
2428,4012816,690815
2429,4012816,4012816
2430,394435,46647
2431,394435,394435
2432,394435,177641
2433,394435,5282872
2434,394435,5341184
2435,394435,4403970
2436,394435,704368
2437,394435,1153097
2438,394435,704368
2439,394435,1153097
2440,15655,4773313
2441,15655,13936771
2442,844740,8604205
2443,880411,2294695
2444,880411,690815
2445,880411,2294695
2446,880411,690815
2447,880411,2294695
2448,880411,880411
2449,880411,880411
2450,880411,158586
2451,880411,2294695
2452,880411,2294695
2453,880411,2294695
2454,880411,2294695
2455,880411,571056
2456,880411,5885350
2457,880411,910597
2458,880411,1153097
2459,4603367,973550
2460,4603367,1006291
2461,4603367,715922
2462,4603367,1006291
2463,4603367,124937
2464,4603367,821963
2465,243048,93018
2466,243048,243048
2467,243048,1448375
2468,243048,216296
2469,243048,243048
2470,243048,93018
2471,243048,243048
2472,243048,1284597
2473,243048,384283
2474,243048,243048
2475,243048,1483802
2476,243048,3589877
2477,243048,93018
2478,243048,1102667
2479,243048,5215352
2480,243048,660513
2481,243048,927678
2482,243048,2359763
2483,243048,1770876
2484,243048,93018
2485,243048,5099615
2486,243048,3466284
2487,243048,6521364
2488,243048,7899460
2489,243048,12915617
2490,243048,24967
2491,243048,8695598
2492,243048,2121331
2493,243048,12072699
2494,243048,4965837
2495,243048,989447
2496,243048,6521364
2497,243048,1536647
2498,243048,8675592
2499,243048,8117762
2500,243048,2256190
2501,2523492,690815
2502,2523492,2523492
2503,2523492,4058321
2504,2523492,2523492
2505,2523492,491192
2506,2523492,2294695
2507,2523492,491192
2508,2523492,803755
2509,2286589,15655
2510,2487390,2584733
2511,2487390,216296
2512,2487390,2584733
2513,2487390,2584733
2514,2487390,2294695
2515,2487390,2584733
2516,2487390,2294695
2517,2487390,2487390
2518,2487390,2294695
2519,2487390,2487390
2520,2487390,2294695
2521,2487390,2487390
2522,2487390,12979
2523,2487390,385644
2524,2487390,24736591
2525,2487390,15655
2526,109859,216296
2527,47380,1438328
2528,47380,1282129
2529,47380,1309544
2530,47380,11665
2531,47380,441094
2532,47380,47064
2533,47380,441739
2534,47380,3036597
2535,47380,1413330
2536,47380,1131991
2537,47380,5913801
2538,47380,702272
2539,47380,34182
2540,47380,1654017
2541,47380,570512
2542,47380,6938697
2543,47380,1271680
2544,47380,849493
2545,47380,30036
2546,47380,391394
2547,47380,11608993
2548,47380,2904266
2549,47380,2140323
2550,47380,1621344
2551,1156716,313208
2552,1156716,570070
2553,1156716,94334
2554,2294695,216296
2555,2294695,2294695
2556,2294695,2294695
2557,2294695,15655
2558,1637573,216296
2559,1637573,463703
2560,1637573,463703
2561,486104,2043945
2562,486104,486104
2563,486104,2043945
2564,486104,227395
2565,486104,1484676
2566,486104,442889
2567,486104,1853535
2568,486104,1635593
2569,486104,5394797
2570,486104,4658636
2571,486104,1991128
2572,486104,5693322
2573,486104,10137
2574,486104,9579297
2575,486104,10426513
2576,486104,7059720
2577,486104,632089
2578,486104,20718760
2579,1506905,7461208
2580,1506905,244475
2581,1506905,9000981
2582,1506905,9546691
2583,474988,474988
2584,474988,474988
2585,486104,486104
2586,486104,486104
2587,211263,15655
2588,211263,973550
2589,211263,1331190
2590,211263,211263
2591,839882,15655
2592,839882,839882
2593,839882,15655
2594,839882,1153097
2595,839882,15655
2596,839882,1153097
2597,839882,15655
2598,322311,474988
2599,322311,322311
2600,322311,474988
2601,322311,1271410
2602,322311,322311
2603,322311,216296
2604,189533,973550
2605,189533,189533
2606,189533,528137
2607,189533,4648166
2608,189533,148455
2609,189533,7242323
2610,189533,18273335
2611,189533,7322671
2612,189533,1703387
2613,640797,367262
2614,640797,640797
2615,640797,367262
2616,640797,640797
2617,640797,15655
2618,640797,640797
2619,640797,15655
2620,640797,474988
2621,640797,640797
2622,640797,339080
2623,640797,640797
2624,640797,381393
2625,640797,831105
2626,640797,167217
2627,640797,8604205
2628,640797,167217
2629,640797,8604205
2630,640797,167217
2631,640797,8604205
2632,640797,1377076
2633,640797,8604205
2634,640797,1377076
2635,640797,1377076
2636,640797,6978160
2637,640797,8604205
2638,856274,17687869
2639,856274,5329257
2640,144058,1614904
2641,144058,144058
2642,144058,1614904
2643,3834227,973550
2644,3834227,3834227
2645,3834227,11275
2646,156449,973550
2647,156449,871622
2648,515722,15655
2649,515722,15655
2650,515722,1153097
2651,515722,3717650
2652,515722,140710
2653,515722,1153097
2654,515722,3717650
2655,515722,6465562
2656,515722,762988
2657,515722,564501
2658,515722,113192
2659,515722,589571
2660,515722,2686951
2661,515722,664695
2662,515722,1159996
2663,515722,2457107
2664,515722,136476
2665,515722,2399810
2666,515722,15655
2667,515722,10709555
2668,515722,917046
2669,2964688,474988
2670,2964688,2964688
2671,2244675,474988
2672,2244675,4233080
2673,2244675,804281
2674,2244675,570070
2675,2244675,804281
2676,2244675,570070
2677,2244675,210820
2678,2244675,840655
2679,2244675,7146285
2680,2244675,7605326
2681,2244675,3408176
2682,2244675,1209844
2683,2244675,8529332
2684,662075,7208
2685,662075,874898
2686,662075,662075
2687,662075,93424
2688,715484,474988
2689,715484,2487390
2690,715484,715484
2691,715484,944425
2692,715484,593240
2693,715484,715484
2694,715484,1161316
2695,715484,1148376
2696,715484,715484
2697,715484,2706227
2698,715484,3974306
2699,715484,2294695
2700,715484,3974306
2701,715484,2294695
2702,715484,2294695
2703,715484,3974306
2704,715484,2294695
2705,715484,3974306
2706,715484,715484
2707,715484,2294695
2708,715484,3974306
2709,715484,715484
2710,715484,2294695
2711,715484,2294695
2712,715484,715484
2713,715484,593240
2714,715484,2294695
2715,715484,593240
2716,715484,715484
2717,715484,474988
2718,715484,715484
2719,715484,341609
2720,715484,6979221
2721,715484,6578103
2722,715484,715484
2723,715484,6979221
2724,715484,3877606
2725,61077,216296
2726,1847919,1243453
2727,1847919,57224
2728,1847919,57224
2729,1847919,57224
2730,1847919,10137
2731,1847919,973550
2732,284476,134527
2733,284476,474988
2734,284476,284476
2735,284476,2822053
2736,284476,474988
2737,284476,134527
2738,284476,134527
2739,284476,134527
2740,284476,155710
2741,284476,686798
2742,284476,686798
2743,284476,134527
2744,284476,686798
2745,284476,2851652
2746,284476,3177560
2747,284476,1453981
2748,284476,186071
2749,284476,3629629
2750,284476,9610263
2751,284476,3629629
2752,284476,9610263
2753,284476,1703387
2754,552783,1054402
2755,552783,1436132
2756,552783,63667
2757,552783,486818
2758,552783,1650185
2759,552783,486818
2760,552783,3531701
2761,552783,3531701
2762,552783,3531701
2763,552783,812240
2764,552783,3531701
2765,552783,812240
2766,552783,3531701
2767,552783,812240
2768,552783,816159
2769,552783,3195337
2770,552783,84020
2771,552783,1966521
2772,552783,1027537
2773,552783,1131991
2774,552783,2256190
2775,552783,15655
2776,552783,15655
2777,552783,800583
2778,552783,2256190
2779,552783,800583
2780,552783,2256190
2781,552783,800583
2782,1110926,474988
2783,1110926,1110926
2784,1110926,521109
2785,1110926,1269157
2786,1110926,3990189
2787,1110926,216296
2788,1110926,2699538
2789,1110926,981825
2790,1110926,2269113
2791,1110926,8604205
2792,1110926,2294695
2793,1110926,4671733
2794,1110926,3637648
2795,1110926,164814
2796,1110926,1153097
2797,1110926,5492820
2798,1110926,1677449
2799,1110926,101028
2800,1110926,6979221
2801,458717,15655
2802,458717,458717
2803,458717,15655
2804,458717,458717
2805,458717,1421702
2806,458717,521109
2807,458717,1421702
2808,458717,140227
2809,458717,521109
2810,458717,15655
2811,458717,1450200
2812,458717,3964828
2813,458717,77080
2814,458717,631301
2815,328194,15655
2816,328194,96837
2817,328194,791513
2818,328194,515722
2819,328194,328194
2820,328194,3205
2821,328194,3205
2822,328194,359771
2823,328194,474988
2824,328194,56165
2825,328194,15655
2826,328194,266594
2827,328194,2018885
2828,328194,266594
2829,328194,2018885
2830,328194,2212006
2831,328194,215282
2832,328194,959336
2833,328194,1758366
2834,328194,15655
2835,328194,1758366
2836,328194,1758366
2837,328194,15655
2838,328194,469908
2839,328194,15655
2840,328194,15655
2841,328194,391394
2842,328194,1764161
2843,328194,391394
2844,328194,1764161
2845,328194,1764161
2846,328194,2018885
2847,328194,2294695
2848,328194,15655
2849,328194,973550
2850,328194,2294695
2851,328194,15655
2852,328194,391394
2853,328194,2294695
2854,328194,1764161
2855,328194,973550
2856,328194,1764161
2857,328194,6807979
2858,328194,15655
2859,328194,2212006
2860,328194,474988
2861,328194,265378
2862,328194,973550
2863,328194,265378
2864,328194,1051928
2865,328194,973550
2866,328194,656065
2867,564868,474988
2868,564868,564868
2869,564868,1235614
2870,564868,682658
2871,564868,517992
2872,564868,1223799
2873,653995,186861
2874,653995,260504
2875,653995,2968852
2876,653995,57580
2877,653995,57580
2878,653995,111710
2879,653995,111710
2880,653995,8604205
2881,564868,973550
2882,564868,15655
2883,564868,564868
2884,564868,973550
2885,564868,564868
2886,564868,973550
2887,564868,564868
2888,564868,15655
2889,564868,564868
2890,564868,15655
2891,564868,15655
2892,564868,564868
2893,564868,474988
2894,564868,564868
2895,564868,5340173
2896,564868,15655
2897,564868,15655
2898,564868,564868
2899,3202,284023
2900,3202,284023
2901,3202,1634026
2902,3202,1634026
2903,3202,67395
2904,3202,760112
2905,3202,284023
2906,3202,67395
2907,3202,760112
2908,3202,973550
2909,3202,284023
2910,3202,67395
2911,3202,67395
2912,3202,1321971
2913,3202,486104
2914,3202,940070
2915,185489,185489
2916,185489,2676304
2917,185489,1672054
2918,185489,1746440
2919,185489,34390
2920,185489,67395
2921,185489,34390
2922,185489,1169263
2923,185489,1526680
2924,185489,4395572
2925,185489,1255875
2926,185489,435196
2927,185489,1140906
2928,185489,1777263
2929,185489,463703
2930,185489,34390
2931,185489,7460
2932,185489,34390
2933,185489,2204549
2934,185489,1053738
2935,185489,1156049
2936,185489,2294695
2937,185489,5052825
2938,185489,4950282
2939,185489,2401240
2940,185489,1156049
2941,185489,1101331
2942,185489,5252615
2943,185489,5907104
2944,185489,1738396
2945,185489,11450725
2946,185489,1200883
2947,185489,7208
2948,185489,34390
2949,185489,139888
2950,185489,1521532
2951,185489,5737803
2952,185489,173588
2953,185489,5780340
2954,185489,5643106
2955,185489,535866
2956,185489,5618424
2957,185489,841858
2958,185489,8141958
2959,185489,4472083
2960,185489,4759367
2961,185489,8141958
2962,185489,5215365
2963,185489,5929834
2964,185489,15930575
2965,185489,3942854
2966,185489,20753671
2967,185489,8604205
2968,185489,7997951
2969,185489,20753671
2970,216296,216296
2971,216296,320862
2972,216296,320862
2973,216296,692396
2974,216296,994179
2975,216296,320862
2976,216296,1813478
2977,216296,125422
2978,216296,10137
2979,216296,2191211
2980,216296,474988
2981,216296,49277
2982,216296,2294695
2983,216296,49277
2984,216296,2294695
2985,216296,49277
2986,216296,2294695
2987,216296,49277
2988,216296,1006291
2989,216296,1006291
2990,216296,288959
2991,216296,328955
2992,216296,8041783
2993,216296,857256
2994,216296,19320421
2995,216296,5689961
2996,216296,16700423
